{
    "_id" : "9RGSLMP9qoEXJZkgm",
    "fileId" : "Wpdb8xcHz4mvsyMow",
    "id" : "1112-Sheetal70891401",
    "date" : ISODate("2018-03-12T00:00:00.000Z"),
    "apiTime" : 257,
    "customProcessTime" : 2,
    "documentSentiment" : {
        "magnitude" : 0.7,
        "score" : 0.3
    },
    "sentences" : [ 
        {
            "text" : {
                "content" : "\"@_PVRCinemas\", Watch three brilliant storylines weaved together in \"#3Storeys\", only at \"#PVR\".",
                "beginOffset" : 0
            },
            "sentiment" : {
                "magnitude" : 0.6,
                "score" : 0.6
            }
        }, 
        {
            "text" : {
                "content" : "Book now,",
                "beginOffset" : 97
            },
            "sentiment" : {
                "magnitude" : 0.1,
                "score" : 0.1
            }
        }
    ],
    "entities" : [ 
        {
            "name" : "@_PVRCinemas",
            "type" : "OTHER",
            "metadata" : {},
            "salience" : 0.45934033,
            "mentions" : [ 
                {
                    "text" : {
                        "content" : "@_PVRCinemas",
                        "beginOffset" : 1
                    },
                    "type" : "PROPER",
                    "sentiment" : {
                        "magnitude" : 0,
                        "score" : 0
                    }
                }
            ],
            "sentiment" : {
                "magnitude" : 0,
                "score" : 0
            }
        }, 
        {
            "name" : "storylines",
            "type" : "OTHER",
            "metadata" : {},
            "salience" : 0.26704496,
            "mentions" : [ 
                {
                    "text" : {
                        "content" : "storylines",
                        "beginOffset" : 38
                    },
                    "type" : "COMMON",
                    "sentiment" : {
                        "magnitude" : 0.9,
                        "score" : 0.9
                    }
                }
            ],
            "sentiment" : {
                "magnitude" : 0.9,
                "score" : 0.9
            }
        }, 
        {
            "name" : "#3Storeys",
            "type" : "LOCATION",
            "metadata" : {},
            "salience" : 0.1253202,
            "mentions" : [ 
                {
                    "text" : {
                        "content" : "#3Storeys",
                        "beginOffset" : 69
                    },
                    "type" : "PROPER",
                    "sentiment" : {
                        "magnitude" : 0,
                        "score" : 0
                    }
                }
            ],
            "sentiment" : {
                "magnitude" : 0,
                "score" : 0
            }
        }, 
        {
            "name" : "#PVR",
            "type" : "OTHER",
            "metadata" : {},
            "salience" : 0.0947743,
            "mentions" : [ 
                {
                    "text" : {
                        "content" : "#PVR",
                        "beginOffset" : 90
                    },
                    "type" : "PROPER",
                    "sentiment" : {
                        "magnitude" : 0,
                        "score" : 0
                    }
                }
            ],
            "sentiment" : {
                "magnitude" : 0,
                "score" : 0
            }
        }, 
        {
            "name" : "Book",
            "type" : "WORK_OF_ART",
            "metadata" : {},
            "salience" : 0.053520214,
            "mentions" : [ 
                {
                    "text" : {
                        "content" : "Book",
                        "beginOffset" : 97
                    },
                    "type" : "COMMON",
                    "sentiment" : {
                        "magnitude" : 0,
                        "score" : 0
                    }
                }
            ],
            "sentiment" : {
                "magnitude" : 0,
                "score" : 0
            }
        }
    ],
    "tokens" : [ 
        {
            "text" : {
                "content" : "\"",
                "beginOffset" : 0
            },
            "partOfSpeech" : {
                "tag" : "PUNCT",
                "aspect" : "ASPECT_UNKNOWN",
                "case" : "CASE_UNKNOWN",
                "form" : "FORM_UNKNOWN",
                "gender" : "GENDER_UNKNOWN",
                "mood" : "MOOD_UNKNOWN",
                "number" : "NUMBER_UNKNOWN",
                "person" : "PERSON_UNKNOWN",
                "proper" : "PROPER_UNKNOWN",
                "reciprocity" : "RECIPROCITY_UNKNOWN",
                "tense" : "TENSE_UNKNOWN",
                "voice" : "VOICE_UNKNOWN"
            },
            "dependencyEdge" : {
                "headTokenIndex" : 2,
                "label" : "P"
            },
            "lemma" : "\""
        }, 
        {
            "text" : {
                "content" : "@",
                "beginOffset" : 1
            },
            "partOfSpeech" : {
                "tag" : "ADP",
                "aspect" : "ASPECT_UNKNOWN",
                "case" : "CASE_UNKNOWN",
                "form" : "FORM_UNKNOWN",
                "gender" : "GENDER_UNKNOWN",
                "mood" : "MOOD_UNKNOWN",
                "number" : "NUMBER_UNKNOWN",
                "person" : "PERSON_UNKNOWN",
                "proper" : "PROPER_UNKNOWN",
                "reciprocity" : "RECIPROCITY_UNKNOWN",
                "tense" : "TENSE_UNKNOWN",
                "voice" : "VOICE_UNKNOWN"
            },
            "dependencyEdge" : {
                "headTokenIndex" : 2,
                "label" : "NN"
            },
            "lemma" : "@"
        }, 
        {
            "text" : {
                "content" : "_PVRCinemas",
                "beginOffset" : 2
            },
            "partOfSpeech" : {
                "tag" : "NOUN",
                "aspect" : "ASPECT_UNKNOWN",
                "case" : "CASE_UNKNOWN",
                "form" : "FORM_UNKNOWN",
                "gender" : "GENDER_UNKNOWN",
                "mood" : "MOOD_UNKNOWN",
                "number" : "SINGULAR",
                "person" : "PERSON_UNKNOWN",
                "proper" : "PROPER",
                "reciprocity" : "RECIPROCITY_UNKNOWN",
                "tense" : "TENSE_UNKNOWN",
                "voice" : "VOICE_UNKNOWN"
            },
            "dependencyEdge" : {
                "headTokenIndex" : 5,
                "label" : "NSUBJ"
            },
            "lemma" : "_PVRCinemas"
        }, 
        {
            "text" : {
                "content" : "\"",
                "beginOffset" : 13
            },
            "partOfSpeech" : {
                "tag" : "PUNCT",
                "aspect" : "ASPECT_UNKNOWN",
                "case" : "CASE_UNKNOWN",
                "form" : "FORM_UNKNOWN",
                "gender" : "GENDER_UNKNOWN",
                "mood" : "MOOD_UNKNOWN",
                "number" : "NUMBER_UNKNOWN",
                "person" : "PERSON_UNKNOWN",
                "proper" : "PROPER_UNKNOWN",
                "reciprocity" : "RECIPROCITY_UNKNOWN",
                "tense" : "TENSE_UNKNOWN",
                "voice" : "VOICE_UNKNOWN"
            },
            "dependencyEdge" : {
                "headTokenIndex" : 2,
                "label" : "P"
            },
            "lemma" : "\""
        }, 
        {
            "text" : {
                "content" : ",",
                "beginOffset" : 14
            },
            "partOfSpeech" : {
                "tag" : "PUNCT",
                "aspect" : "ASPECT_UNKNOWN",
                "case" : "CASE_UNKNOWN",
                "form" : "FORM_UNKNOWN",
                "gender" : "GENDER_UNKNOWN",
                "mood" : "MOOD_UNKNOWN",
                "number" : "NUMBER_UNKNOWN",
                "person" : "PERSON_UNKNOWN",
                "proper" : "PROPER_UNKNOWN",
                "reciprocity" : "RECIPROCITY_UNKNOWN",
                "tense" : "TENSE_UNKNOWN",
                "voice" : "VOICE_UNKNOWN"
            },
            "dependencyEdge" : {
                "headTokenIndex" : 2,
                "label" : "P"
            },
            "lemma" : ","
        }, 
        {
            "text" : {
                "content" : "Watch",
                "beginOffset" : 16
            },
            "partOfSpeech" : {
                "tag" : "VERB",
                "aspect" : "ASPECT_UNKNOWN",
                "case" : "CASE_UNKNOWN",
                "form" : "FORM_UNKNOWN",
                "gender" : "GENDER_UNKNOWN",
                "mood" : "IMPERATIVE",
                "number" : "NUMBER_UNKNOWN",
                "person" : "PERSON_UNKNOWN",
                "proper" : "PROPER_UNKNOWN",
                "reciprocity" : "RECIPROCITY_UNKNOWN",
                "tense" : "TENSE_UNKNOWN",
                "voice" : "VOICE_UNKNOWN"
            },
            "dependencyEdge" : {
                "headTokenIndex" : 5,
                "label" : "ROOT"
            },
            "lemma" : "Watch"
        }, 
        {
            "text" : {
                "content" : "three",
                "beginOffset" : 22
            },
            "partOfSpeech" : {
                "tag" : "NUM",
                "aspect" : "ASPECT_UNKNOWN",
                "case" : "CASE_UNKNOWN",
                "form" : "FORM_UNKNOWN",
                "gender" : "GENDER_UNKNOWN",
                "mood" : "MOOD_UNKNOWN",
                "number" : "NUMBER_UNKNOWN",
                "person" : "PERSON_UNKNOWN",
                "proper" : "PROPER_UNKNOWN",
                "reciprocity" : "RECIPROCITY_UNKNOWN",
                "tense" : "TENSE_UNKNOWN",
                "voice" : "VOICE_UNKNOWN"
            },
            "dependencyEdge" : {
                "headTokenIndex" : 8,
                "label" : "NUM"
            },
            "lemma" : "three"
        }, 
        {
            "text" : {
                "content" : "brilliant",
                "beginOffset" : 28
            },
            "partOfSpeech" : {
                "tag" : "ADJ",
                "aspect" : "ASPECT_UNKNOWN",
                "case" : "CASE_UNKNOWN",
                "form" : "FORM_UNKNOWN",
                "gender" : "GENDER_UNKNOWN",
                "mood" : "MOOD_UNKNOWN",
                "number" : "NUMBER_UNKNOWN",
                "person" : "PERSON_UNKNOWN",
                "proper" : "PROPER_UNKNOWN",
                "reciprocity" : "RECIPROCITY_UNKNOWN",
                "tense" : "TENSE_UNKNOWN",
                "voice" : "VOICE_UNKNOWN"
            },
            "dependencyEdge" : {
                "headTokenIndex" : 8,
                "label" : "AMOD"
            },
            "lemma" : "brilliant"
        }, 
        {
            "text" : {
                "content" : "storylines",
                "beginOffset" : 38
            },
            "partOfSpeech" : {
                "tag" : "NOUN",
                "aspect" : "ASPECT_UNKNOWN",
                "case" : "CASE_UNKNOWN",
                "form" : "FORM_UNKNOWN",
                "gender" : "GENDER_UNKNOWN",
                "mood" : "MOOD_UNKNOWN",
                "number" : "PLURAL",
                "person" : "PERSON_UNKNOWN",
                "proper" : "PROPER_UNKNOWN",
                "reciprocity" : "RECIPROCITY_UNKNOWN",
                "tense" : "TENSE_UNKNOWN",
                "voice" : "VOICE_UNKNOWN"
            },
            "dependencyEdge" : {
                "headTokenIndex" : 5,
                "label" : "DOBJ"
            },
            "lemma" : "storyline"
        }, 
        {
            "text" : {
                "content" : "weaved",
                "beginOffset" : 49
            },
            "partOfSpeech" : {
                "tag" : "VERB",
                "aspect" : "ASPECT_UNKNOWN",
                "case" : "CASE_UNKNOWN",
                "form" : "FORM_UNKNOWN",
                "gender" : "GENDER_UNKNOWN",
                "mood" : "INDICATIVE",
                "number" : "NUMBER_UNKNOWN",
                "person" : "PERSON_UNKNOWN",
                "proper" : "PROPER_UNKNOWN",
                "reciprocity" : "RECIPROCITY_UNKNOWN",
                "tense" : "PAST",
                "voice" : "VOICE_UNKNOWN"
            },
            "dependencyEdge" : {
                "headTokenIndex" : 8,
                "label" : "VMOD"
            },
            "lemma" : "weave"
        }, 
        {
            "text" : {
                "content" : "together",
                "beginOffset" : 56
            },
            "partOfSpeech" : {
                "tag" : "ADV",
                "aspect" : "ASPECT_UNKNOWN",
                "case" : "CASE_UNKNOWN",
                "form" : "FORM_UNKNOWN",
                "gender" : "GENDER_UNKNOWN",
                "mood" : "MOOD_UNKNOWN",
                "number" : "NUMBER_UNKNOWN",
                "person" : "PERSON_UNKNOWN",
                "proper" : "PROPER_UNKNOWN",
                "reciprocity" : "RECIPROCITY_UNKNOWN",
                "tense" : "TENSE_UNKNOWN",
                "voice" : "VOICE_UNKNOWN"
            },
            "dependencyEdge" : {
                "headTokenIndex" : 9,
                "label" : "ADVMOD"
            },
            "lemma" : "together"
        }, 
        {
            "text" : {
                "content" : "in",
                "beginOffset" : 65
            },
            "partOfSpeech" : {
                "tag" : "ADP",
                "aspect" : "ASPECT_UNKNOWN",
                "case" : "CASE_UNKNOWN",
                "form" : "FORM_UNKNOWN",
                "gender" : "GENDER_UNKNOWN",
                "mood" : "MOOD_UNKNOWN",
                "number" : "NUMBER_UNKNOWN",
                "person" : "PERSON_UNKNOWN",
                "proper" : "PROPER_UNKNOWN",
                "reciprocity" : "RECIPROCITY_UNKNOWN",
                "tense" : "TENSE_UNKNOWN",
                "voice" : "VOICE_UNKNOWN"
            },
            "dependencyEdge" : {
                "headTokenIndex" : 9,
                "label" : "PREP"
            },
            "lemma" : "in"
        }, 
        {
            "text" : {
                "content" : "\"",
                "beginOffset" : 68
            },
            "partOfSpeech" : {
                "tag" : "PUNCT",
                "aspect" : "ASPECT_UNKNOWN",
                "case" : "CASE_UNKNOWN",
                "form" : "FORM_UNKNOWN",
                "gender" : "GENDER_UNKNOWN",
                "mood" : "MOOD_UNKNOWN",
                "number" : "NUMBER_UNKNOWN",
                "person" : "PERSON_UNKNOWN",
                "proper" : "PROPER_UNKNOWN",
                "reciprocity" : "RECIPROCITY_UNKNOWN",
                "tense" : "TENSE_UNKNOWN",
                "voice" : "VOICE_UNKNOWN"
            },
            "dependencyEdge" : {
                "headTokenIndex" : 14,
                "label" : "P"
            },
            "lemma" : "\""
        }, 
        {
            "text" : {
                "content" : "#",
                "beginOffset" : 69
            },
            "partOfSpeech" : {
                "tag" : "NOUN",
                "aspect" : "ASPECT_UNKNOWN",
                "case" : "CASE_UNKNOWN",
                "form" : "FORM_UNKNOWN",
                "gender" : "GENDER_UNKNOWN",
                "mood" : "MOOD_UNKNOWN",
                "number" : "SINGULAR",
                "person" : "PERSON_UNKNOWN",
                "proper" : "PROPER_UNKNOWN",
                "reciprocity" : "RECIPROCITY_UNKNOWN",
                "tense" : "TENSE_UNKNOWN",
                "voice" : "VOICE_UNKNOWN"
            },
            "dependencyEdge" : {
                "headTokenIndex" : 14,
                "label" : "NN"
            },
            "lemma" : "#"
        }, 
        {
            "text" : {
                "content" : "3Storeys",
                "beginOffset" : 70
            },
            "partOfSpeech" : {
                "tag" : "NOUN",
                "aspect" : "ASPECT_UNKNOWN",
                "case" : "CASE_UNKNOWN",
                "form" : "FORM_UNKNOWN",
                "gender" : "GENDER_UNKNOWN",
                "mood" : "MOOD_UNKNOWN",
                "number" : "SINGULAR",
                "person" : "PERSON_UNKNOWN",
                "proper" : "PROPER",
                "reciprocity" : "RECIPROCITY_UNKNOWN",
                "tense" : "TENSE_UNKNOWN",
                "voice" : "VOICE_UNKNOWN"
            },
            "dependencyEdge" : {
                "headTokenIndex" : 11,
                "label" : "POBJ"
            },
            "lemma" : "3Storeys"
        }, 
        {
            "text" : {
                "content" : "\"",
                "beginOffset" : 78
            },
            "partOfSpeech" : {
                "tag" : "PUNCT",
                "aspect" : "ASPECT_UNKNOWN",
                "case" : "CASE_UNKNOWN",
                "form" : "FORM_UNKNOWN",
                "gender" : "GENDER_UNKNOWN",
                "mood" : "MOOD_UNKNOWN",
                "number" : "NUMBER_UNKNOWN",
                "person" : "PERSON_UNKNOWN",
                "proper" : "PROPER_UNKNOWN",
                "reciprocity" : "RECIPROCITY_UNKNOWN",
                "tense" : "TENSE_UNKNOWN",
                "voice" : "VOICE_UNKNOWN"
            },
            "dependencyEdge" : {
                "headTokenIndex" : 14,
                "label" : "P"
            },
            "lemma" : "\""
        }, 
        {
            "text" : {
                "content" : ",",
                "beginOffset" : 79
            },
            "partOfSpeech" : {
                "tag" : "PUNCT",
                "aspect" : "ASPECT_UNKNOWN",
                "case" : "CASE_UNKNOWN",
                "form" : "FORM_UNKNOWN",
                "gender" : "GENDER_UNKNOWN",
                "mood" : "MOOD_UNKNOWN",
                "number" : "NUMBER_UNKNOWN",
                "person" : "PERSON_UNKNOWN",
                "proper" : "PROPER_UNKNOWN",
                "reciprocity" : "RECIPROCITY_UNKNOWN",
                "tense" : "TENSE_UNKNOWN",
                "voice" : "VOICE_UNKNOWN"
            },
            "dependencyEdge" : {
                "headTokenIndex" : 5,
                "label" : "P"
            },
            "lemma" : ","
        }, 
        {
            "text" : {
                "content" : "only",
                "beginOffset" : 81
            },
            "partOfSpeech" : {
                "tag" : "ADV",
                "aspect" : "ASPECT_UNKNOWN",
                "case" : "CASE_UNKNOWN",
                "form" : "FORM_UNKNOWN",
                "gender" : "GENDER_UNKNOWN",
                "mood" : "MOOD_UNKNOWN",
                "number" : "NUMBER_UNKNOWN",
                "person" : "PERSON_UNKNOWN",
                "proper" : "PROPER_UNKNOWN",
                "reciprocity" : "RECIPROCITY_UNKNOWN",
                "tense" : "TENSE_UNKNOWN",
                "voice" : "VOICE_UNKNOWN"
            },
            "dependencyEdge" : {
                "headTokenIndex" : 18,
                "label" : "ADVMOD"
            },
            "lemma" : "only"
        }, 
        {
            "text" : {
                "content" : "at",
                "beginOffset" : 86
            },
            "partOfSpeech" : {
                "tag" : "ADP",
                "aspect" : "ASPECT_UNKNOWN",
                "case" : "CASE_UNKNOWN",
                "form" : "FORM_UNKNOWN",
                "gender" : "GENDER_UNKNOWN",
                "mood" : "MOOD_UNKNOWN",
                "number" : "NUMBER_UNKNOWN",
                "person" : "PERSON_UNKNOWN",
                "proper" : "PROPER_UNKNOWN",
                "reciprocity" : "RECIPROCITY_UNKNOWN",
                "tense" : "TENSE_UNKNOWN",
                "voice" : "VOICE_UNKNOWN"
            },
            "dependencyEdge" : {
                "headTokenIndex" : 5,
                "label" : "PREP"
            },
            "lemma" : "at"
        }, 
        {
            "text" : {
                "content" : "\"",
                "beginOffset" : 89
            },
            "partOfSpeech" : {
                "tag" : "PUNCT",
                "aspect" : "ASPECT_UNKNOWN",
                "case" : "CASE_UNKNOWN",
                "form" : "FORM_UNKNOWN",
                "gender" : "GENDER_UNKNOWN",
                "mood" : "MOOD_UNKNOWN",
                "number" : "NUMBER_UNKNOWN",
                "person" : "PERSON_UNKNOWN",
                "proper" : "PROPER_UNKNOWN",
                "reciprocity" : "RECIPROCITY_UNKNOWN",
                "tense" : "TENSE_UNKNOWN",
                "voice" : "VOICE_UNKNOWN"
            },
            "dependencyEdge" : {
                "headTokenIndex" : 21,
                "label" : "P"
            },
            "lemma" : "\""
        }, 
        {
            "text" : {
                "content" : "#",
                "beginOffset" : 90
            },
            "partOfSpeech" : {
                "tag" : "NOUN",
                "aspect" : "ASPECT_UNKNOWN",
                "case" : "CASE_UNKNOWN",
                "form" : "FORM_UNKNOWN",
                "gender" : "GENDER_UNKNOWN",
                "mood" : "MOOD_UNKNOWN",
                "number" : "SINGULAR",
                "person" : "PERSON_UNKNOWN",
                "proper" : "PROPER_UNKNOWN",
                "reciprocity" : "RECIPROCITY_UNKNOWN",
                "tense" : "TENSE_UNKNOWN",
                "voice" : "VOICE_UNKNOWN"
            },
            "dependencyEdge" : {
                "headTokenIndex" : 21,
                "label" : "NN"
            },
            "lemma" : "#"
        }, 
        {
            "text" : {
                "content" : "PVR",
                "beginOffset" : 91
            },
            "partOfSpeech" : {
                "tag" : "NOUN",
                "aspect" : "ASPECT_UNKNOWN",
                "case" : "CASE_UNKNOWN",
                "form" : "FORM_UNKNOWN",
                "gender" : "GENDER_UNKNOWN",
                "mood" : "MOOD_UNKNOWN",
                "number" : "SINGULAR",
                "person" : "PERSON_UNKNOWN",
                "proper" : "PROPER_UNKNOWN",
                "reciprocity" : "RECIPROCITY_UNKNOWN",
                "tense" : "TENSE_UNKNOWN",
                "voice" : "VOICE_UNKNOWN"
            },
            "dependencyEdge" : {
                "headTokenIndex" : 18,
                "label" : "POBJ"
            },
            "lemma" : "PVR"
        }, 
        {
            "text" : {
                "content" : "\"",
                "beginOffset" : 94
            },
            "partOfSpeech" : {
                "tag" : "PUNCT",
                "aspect" : "ASPECT_UNKNOWN",
                "case" : "CASE_UNKNOWN",
                "form" : "FORM_UNKNOWN",
                "gender" : "GENDER_UNKNOWN",
                "mood" : "MOOD_UNKNOWN",
                "number" : "NUMBER_UNKNOWN",
                "person" : "PERSON_UNKNOWN",
                "proper" : "PROPER_UNKNOWN",
                "reciprocity" : "RECIPROCITY_UNKNOWN",
                "tense" : "TENSE_UNKNOWN",
                "voice" : "VOICE_UNKNOWN"
            },
            "dependencyEdge" : {
                "headTokenIndex" : 21,
                "label" : "P"
            },
            "lemma" : "\""
        }, 
        {
            "text" : {
                "content" : ".",
                "beginOffset" : 95
            },
            "partOfSpeech" : {
                "tag" : "PUNCT",
                "aspect" : "ASPECT_UNKNOWN",
                "case" : "CASE_UNKNOWN",
                "form" : "FORM_UNKNOWN",
                "gender" : "GENDER_UNKNOWN",
                "mood" : "MOOD_UNKNOWN",
                "number" : "NUMBER_UNKNOWN",
                "person" : "PERSON_UNKNOWN",
                "proper" : "PROPER_UNKNOWN",
                "reciprocity" : "RECIPROCITY_UNKNOWN",
                "tense" : "TENSE_UNKNOWN",
                "voice" : "VOICE_UNKNOWN"
            },
            "dependencyEdge" : {
                "headTokenIndex" : 5,
                "label" : "P"
            },
            "lemma" : "."
        }, 
        {
            "text" : {
                "content" : "Book",
                "beginOffset" : 97
            },
            "partOfSpeech" : {
                "tag" : "NOUN",
                "aspect" : "ASPECT_UNKNOWN",
                "case" : "CASE_UNKNOWN",
                "form" : "FORM_UNKNOWN",
                "gender" : "GENDER_UNKNOWN",
                "mood" : "MOOD_UNKNOWN",
                "number" : "SINGULAR",
                "person" : "PERSON_UNKNOWN",
                "proper" : "PROPER",
                "reciprocity" : "RECIPROCITY_UNKNOWN",
                "tense" : "TENSE_UNKNOWN",
                "voice" : "VOICE_UNKNOWN"
            },
            "dependencyEdge" : {
                "headTokenIndex" : 24,
                "label" : "ROOT"
            },
            "lemma" : "Book"
        }, 
        {
            "text" : {
                "content" : "now",
                "beginOffset" : 102
            },
            "partOfSpeech" : {
                "tag" : "ADV",
                "aspect" : "ASPECT_UNKNOWN",
                "case" : "CASE_UNKNOWN",
                "form" : "FORM_UNKNOWN",
                "gender" : "GENDER_UNKNOWN",
                "mood" : "MOOD_UNKNOWN",
                "number" : "NUMBER_UNKNOWN",
                "person" : "PERSON_UNKNOWN",
                "proper" : "PROPER_UNKNOWN",
                "reciprocity" : "RECIPROCITY_UNKNOWN",
                "tense" : "TENSE_UNKNOWN",
                "voice" : "VOICE_UNKNOWN"
            },
            "dependencyEdge" : {
                "headTokenIndex" : 24,
                "label" : "ADVMOD"
            },
            "lemma" : "now"
        }, 
        {
            "text" : {
                "content" : ",",
                "beginOffset" : 105
            },
            "partOfSpeech" : {
                "tag" : "PUNCT",
                "aspect" : "ASPECT_UNKNOWN",
                "case" : "CASE_UNKNOWN",
                "form" : "FORM_UNKNOWN",
                "gender" : "GENDER_UNKNOWN",
                "mood" : "MOOD_UNKNOWN",
                "number" : "NUMBER_UNKNOWN",
                "person" : "PERSON_UNKNOWN",
                "proper" : "PROPER_UNKNOWN",
                "reciprocity" : "RECIPROCITY_UNKNOWN",
                "tense" : "TENSE_UNKNOWN",
                "voice" : "VOICE_UNKNOWN"
            },
            "dependencyEdge" : {
                "headTokenIndex" : 24,
                "label" : "P"
            },
            "lemma" : ","
        }
    ],
    "categories" : {
        "@Handle" : {
            "positives" : {
                "count" : 1,
                "tags" : {
                    "@_pvrcinemas" : {
                        "sentences" : [ 
                            "1"
                        ],
                        "adjectives" : [],
                        "count" : 1,
                        "magnitude" : 0.6,
                        "score" : 0.6,
                        "salience" : 0
                    }
                }
            },
            "negatives" : {
                "count" : 0,
                "tags" : {}
            },
            "neutrals" : {
                "count" : 0,
                "tags" : {}
            }
        },
        "Hashtags" : {
            "positives" : {
                "count" : 2,
                "tags" : {
                    "#3storeys" : {
                        "sentences" : [ 
                            "1"
                        ],
                        "adjectives" : [],
                        "count" : 1,
                        "magnitude" : 0.6,
                        "score" : 0.6,
                        "salience" : 0
                    },
                    "#pvr" : {
                        "sentences" : [ 
                            "1"
                        ],
                        "adjectives" : [],
                        "count" : 1,
                        "magnitude" : 0.6,
                        "score" : 0.6,
                        "salience" : 0
                    }
                }
            },
            "negatives" : {
                "count" : 0,
                "tags" : {}
            },
            "neutrals" : {
                "count" : 0,
                "tags" : {}
            }
        },
        "Uncategorized" : {
            "positives" : {
                "count" : 1,
                "tags" : {
                    "storylines" : {
                        "sentences" : [ 
                            "1"
                        ],
                        "adjectives" : [ 
                            "brilliant"
                        ],
                        "count" : 1,
                        "magnitude" : 0.9,
                        "score" : 0.9,
                        "salience" : 0.26704496
                    }
                }
            },
            "negatives" : {
                "count" : 0,
                "tags" : {}
            },
            "neutrals" : {
                "count" : 1,
                "tags" : {
                    "book" : {
                        "sentences" : [ 
                            "2"
                        ],
                        "adjectives" : [],
                        "count" : 1,
                        "magnitude" : 0.1,
                        "score" : 0.1,
                        "salience" : 0
                    }
                }
            }
        }
    },
    "createdAt" : 1520875519940.0,
    "updatedAt" : 1520875519989.0
}